epidemiological_week,date,order_for_place,state,city,city_ibge_code,place_type,last_available_confirmed,last_available_confirmed_per_100k_inhabitants,new_confirmed,last_available_deaths,new_deaths,last_available_death_rate,estimated_population,is_last,is_repeated
202202,2022-01-09,632,AL,Arapiraca,2700300,city,31252,13410.17048,0,538,0,0.0172,233047,False,True
202201,2022-01-08,631,AL,Arapiraca,2700300,city,31252,13410.17048,3,538,0,0.0172,233047,True,False
202201,2022-01-07,630,AL,Arapiraca,2700300,city,31249,13408.88319,5,538,0,0.0172,233047,False,False
202201,2022-01-06,629,AL,Arapiraca,2700300,city,31244,13406.7377,2,538,0,0.0172,233047,False,False
202201,2022-01-05,628,AL,Arapiraca,2700300,city,31242,13405.8795,4,538,0,0.0172,233047,False,False
202201,2022-01-04,627,AL,Arapiraca,2700300,city,31238,13404.16311,1,538,0,0.0172,233047,False,False
202201,2022-01-03,626,AL,Arapiraca,2700300,city,31237,13403.73401,2,538,0,0.0172,233047,False,False
202201,2022-01-02,625,AL,Arapiraca,2700300,city,31235,13402.87581,0,538,0,0.0172,233047,False,False
202152,2022-01-01,624,AL,Arapiraca,2700300,city,31235,13402.87581,1,538,0,0.0172,233047,False,False
202152,2021-12-31,623,AL,Arapiraca,2700300,city,31234,13402.44672,0,538,0,0.0172,233047,False,False
202152,2021-12-30,622,AL,Arapiraca,2700300,city,31234,13402.44672,1,538,0,0.0172,233047,False,False
202152,2021-12-29,621,AL,Arapiraca,2700300,city,31233,13402.01762,2,538,0,0.0172,233047,False,False
202152,2021-12-28,620,AL,Arapiraca,2700300,city,31231,13401.15942,1,538,0,0.0172,233047,False,False
202152,2021-12-27,619,AL,Arapiraca,2700300,city,31230,13400.73032,1,538,0,0.0172,233047,False,False
202152,2021-12-26,618,AL,Arapiraca,2700300,city,31229,13400.30123,0,538,0,0.0172,233047,False,False
202151,2021-12-25,617,AL,Arapiraca,2700300,city,31229,13400.30123,0,538,0,0.0172,233047,False,False
202151,2021-12-24,616,AL,Arapiraca,2700300,city,31229,13400.30123,3,538,0,0.0172,233047,False,False
202151,2021-12-23,615,AL,Arapiraca,2700300,city,31226,13399.01393,0,538,0,0.0172,233047,False,False
202151,2021-12-22,614,AL,Arapiraca,2700300,city,31226,13399.01393,1,538,0,0.0172,233047,False,False
202151,2021-12-21,613,AL,Arapiraca,2700300,city,31225,13398.58483,0,538,0,0.0172,233047,False,False
202151,2021-12-20,612,AL,Arapiraca,2700300,city,31225,13398.58483,0,538,0,0.0172,233047,False,False
202151,2021-12-19,611,AL,Arapiraca,2700300,city,31225,13398.58483,1,538,0,0.0172,233047,False,False
202150,2021-12-18,610,AL,Arapiraca,2700300,city,31224,13398.15574,0,538,0,0.0172,233047,False,False
202150,2021-12-17,609,AL,Arapiraca,2700300,city,31224,13398.15574,1,538,0,0.0172,233047,False,False
202150,2021-12-16,608,AL,Arapiraca,2700300,city,31223,13397.72664,2,538,0,0.0172,233047,False,False
202150,2021-12-15,607,AL,Arapiraca,2700300,city,31221,13396.86844,1,538,0,0.0172,233047,False,False
202150,2021-12-14,606,AL,Arapiraca,2700300,city,31220,13396.43934,0,538,0,0.0172,233047,False,False
202150,2021-12-13,605,AL,Arapiraca,2700300,city,31220,13396.43934,1,538,0,0.0172,233047,False,False
202150,2021-12-12,604,AL,Arapiraca,2700300,city,31219,13396.01025,0,538,0,0.0172,233047,False,False
202149,2021-12-11,603,AL,Arapiraca,2700300,city,31219,13396.01025,1,538,0,0.0172,233047,False,False
202149,2021-12-10,602,AL,Arapiraca,2700300,city,31218,13395.58115,0,538,0,0.0172,233047,False,False
202149,2021-12-09,601,AL,Arapiraca,2700300,city,31218,13395.58115,0,538,0,0.0172,233047,False,False
202149,2021-12-08,600,AL,Arapiraca,2700300,city,31218,13395.58115,0,538,0,0.0172,233047,False,False
202149,2021-12-07,599,AL,Arapiraca,2700300,city,31218,13395.58115,1,538,0,0.0172,233047,False,False
202149,2021-12-06,598,AL,Arapiraca,2700300,city,31217,13395.15205,0,538,0,0.0172,233047,False,False
202149,2021-12-05,597,AL,Arapiraca,2700300,city,31217,13395.15205,0,538,0,0.0172,233047,False,False
202148,2021-12-04,596,AL,Arapiraca,2700300,city,31217,13395.15205,2,538,0,0.0172,233047,False,False
202148,2021-12-03,595,AL,Arapiraca,2700300,city,31215,13394.29385,1,538,0,0.0172,233047,False,False
202148,2021-12-02,594,AL,Arapiraca,2700300,city,31214,13393.86476,1,538,0,0.0172,233047,False,False
202148,2021-12-01,593,AL,Arapiraca,2700300,city,31213,13393.43566,2,538,0,0.0172,233047,False,False
202148,2021-11-30,592,AL,Arapiraca,2700300,city,31211,13392.57746,4,538,0,0.0172,233047,False,False
202148,2021-11-29,591,AL,Arapiraca,2700300,city,31207,13390.86107,0,538,0,0.0172,233047,False,False
202148,2021-11-28,590,AL,Arapiraca,2700300,city,31207,13390.86107,0,538,0,0.0172,233047,False,False
202147,2021-11-27,589,AL,Arapiraca,2700300,city,31207,13390.86107,3,538,0,0.0172,233047,False,False
202147,2021-11-26,588,AL,Arapiraca,2700300,city,31204,13389.57378,5,538,0,0.0172,233047,False,False
202147,2021-11-25,587,AL,Arapiraca,2700300,city,31199,13387.42829,1,538,0,0.0172,233047,False,False
202147,2021-11-24,586,AL,Arapiraca,2700300,city,31198,13386.99919,0,538,1,0.0172,233047,False,False
202147,2021-11-23,585,AL,Arapiraca,2700300,city,31198,13386.99919,0,537,0,0.0172,233047,False,False
202147,2021-11-22,584,AL,Arapiraca,2700300,city,31198,13386.99919,0,537,0,0.0172,233047,False,False
202147,2021-11-21,583,AL,Arapiraca,2700300,city,31198,13386.99919,2,537,1,0.0172,233047,False,False
202146,2021-11-20,582,AL,Arapiraca,2700300,city,31196,13386.14099,3,536,0,0.0172,233047,False,False
202146,2021-11-19,581,AL,Arapiraca,2700300,city,31193,13384.8537,0,536,0,0.0172,233047,False,False
202146,2021-11-18,580,AL,Arapiraca,2700300,city,31193,13384.8537,5,536,0,0.0172,233047,False,False
202146,2021-11-17,579,AL,Arapiraca,2700300,city,31188,13382.70821,2,536,0,0.0172,233047,False,False
202146,2021-11-16,578,AL,Arapiraca,2700300,city,31186,13381.85001,1,536,0,0.0172,233047,False,False
202146,2021-11-15,577,AL,Arapiraca,2700300,city,31185,13381.42092,0,536,0,0.0172,233047,False,False
202146,2021-11-14,576,AL,Arapiraca,2700300,city,31185,13381.42092,0,536,0,0.0172,233047,False,False
202145,2021-11-13,575,AL,Arapiraca,2700300,city,31185,13381.42092,3,536,0,0.0172,233047,False,False
202145,2021-11-12,574,AL,Arapiraca,2700300,city,31182,13380.13362,0,536,0,0.0172,233047,False,False
202145,2021-11-11,573,AL,Arapiraca,2700300,city,31182,13380.13362,2,536,0,0.0172,233047,False,False
202145,2021-11-10,572,AL,Arapiraca,2700300,city,31180,13379.27543,2,536,0,0.0172,233047,False,False
202145,2021-11-09,571,AL,Arapiraca,2700300,city,31178,13378.41723,0,536,0,0.0172,233047,False,False
202145,2021-11-08,570,AL,Arapiraca,2700300,city,31178,13378.41723,2,536,0,0.0172,233047,False,False
202145,2021-11-07,569,AL,Arapiraca,2700300,city,31176,13377.55903,0,536,1,0.0172,233047,False,False
202144,2021-11-06,568,AL,Arapiraca,2700300,city,31176,13377.55903,1,535,0,0.0172,233047,False,False
202144,2021-11-05,567,AL,Arapiraca,2700300,city,31175,13377.12994,0,535,1,0.0172,233047,False,False
202144,2021-11-04,566,AL,Arapiraca,2700300,city,31175,13377.12994,4,534,1,0.0171,233047,False,False
202144,2021-11-03,565,AL,Arapiraca,2700300,city,31171,13375.41354,0,533,0,0.0171,233047,False,False
202144,2021-11-02,564,AL,Arapiraca,2700300,city,31171,13375.41354,1,533,0,0.0171,233047,False,False
202144,2021-11-01,563,AL,Arapiraca,2700300,city,31170,13374.98445,0,533,1,0.0171,233047,False,False
202144,2021-10-31,562,AL,Arapiraca,2700300,city,31170,13374.98445,3,532,0,0.0171,233047,False,False
202143,2021-10-30,561,AL,Arapiraca,2700300,city,31167,13373.69715,1,532,1,0.0171,233047,False,False
202143,2021-10-29,560,AL,Arapiraca,2700300,city,31166,13373.26805,1,531,0,0.017,233047,False,False
202143,2021-10-28,559,AL,Arapiraca,2700300,city,31165,13372.83896,0,531,0,0.017,233047,False,False
202143,2021-10-27,558,AL,Arapiraca,2700300,city,31165,13372.83896,1,531,1,0.017,233047,False,False
202143,2021-10-26,557,AL,Arapiraca,2700300,city,31164,13372.40986,0,530,0,0.017,233047,False,False
202143,2021-10-25,556,AL,Arapiraca,2700300,city,31164,13372.40986,2,530,0,0.017,233047,False,False
202143,2021-10-24,555,AL,Arapiraca,2700300,city,31162,13371.55166,0,530,0,0.017,233047,False,False
202142,2021-10-23,554,AL,Arapiraca,2700300,city,31162,13371.55166,6,530,1,0.017,233047,False,False
202142,2021-10-22,553,AL,Arapiraca,2700300,city,31156,13368.97707,1,529,0,0.017,233047,False,False
202142,2021-10-21,552,AL,Arapiraca,2700300,city,31155,13368.54798,2,529,0,0.017,233047,False,False
202142,2021-10-20,551,AL,Arapiraca,2700300,city,31153,13367.68978,5,529,0,0.017,233047,False,False
202142,2021-10-19,550,AL,Arapiraca,2700300,city,31148,13365.54429,3,529,0,0.017,233047,False,False
202142,2021-10-18,549,AL,Arapiraca,2700300,city,31145,13364.257,1,529,0,0.017,233047,False,False
202142,2021-10-17,548,AL,Arapiraca,2700300,city,31144,13363.8279,0,529,0,0.017,233047,False,False
202141,2021-10-16,547,AL,Arapiraca,2700300,city,31144,13363.8279,1,529,0,0.017,233047,False,False
202141,2021-10-15,546,AL,Arapiraca,2700300,city,31143,13363.3988,4,529,0,0.017,233047,False,False
202141,2021-10-14,545,AL,Arapiraca,2700300,city,31139,13361.68241,0,529,0,0.017,233047,False,False
202141,2021-10-13,544,AL,Arapiraca,2700300,city,31139,13361.68241,7,529,0,0.017,233047,False,False
202141,2021-10-12,543,AL,Arapiraca,2700300,city,31132,13358.67872,3,529,0,0.017,233047,False,False
202141,2021-10-11,542,AL,Arapiraca,2700300,city,31129,13357.39143,2,529,0,0.017,233047,False,False
202141,2021-10-10,541,AL,Arapiraca,2700300,city,31127,13356.53323,1,529,0,0.017,233047,False,False
202140,2021-10-09,540,AL,Arapiraca,2700300,city,31126,13356.10413,9,529,0,0.017,233047,False,False
202140,2021-10-08,539,AL,Arapiraca,2700300,city,31117,13352.24225,0,529,0,0.017,233047,False,False
202140,2021-10-07,538,AL,Arapiraca,2700300,city,31117,13352.24225,3,529,0,0.017,233047,False,False
202140,2021-10-06,537,AL,Arapiraca,2700300,city,31114,13350.95496,1,529,0,0.017,233047,False,False
202140,2021-10-05,536,AL,Arapiraca,2700300,city,31113,13350.52586,4,529,0,0.017,233047,False,False
202140,2021-10-04,535,AL,Arapiraca,2700300,city,31109,13348.80947,1,529,0,0.017,233047,False,False
202140,2021-10-03,534,AL,Arapiraca,2700300,city,31108,13348.38037,7,529,0,0.017,233047,False,False
202139,2021-10-02,533,AL,Arapiraca,2700300,city,31101,13345.37668,0,529,0,0.017,233047,False,False
202139,2021-10-01,532,AL,Arapiraca,2700300,city,31101,13345.37668,1,529,1,0.017,233047,False,False
202139,2021-09-30,531,AL,Arapiraca,2700300,city,31100,13344.94759,1,528,1,0.017,233047,False,False
202139,2021-09-29,530,AL,Arapiraca,2700300,city,31099,13344.51849,5,527,0,0.0169,233047,False,False
202139,2021-09-28,529,AL,Arapiraca,2700300,city,31094,13342.373,0,527,0,0.0169,233047,False,False
202139,2021-09-27,528,AL,Arapiraca,2700300,city,31094,13342.373,1,527,0,0.0169,233047,False,False
202139,2021-09-26,527,AL,Arapiraca,2700300,city,31093,13341.9439,0,527,0,0.0169,233047,False,False
202138,2021-09-25,526,AL,Arapiraca,2700300,city,31093,13341.9439,1,527,0,0.0169,233047,False,False
202138,2021-09-24,525,AL,Arapiraca,2700300,city,31092,13341.5148,2,527,0,0.0169,233047,False,False
202138,2021-09-23,524,AL,Arapiraca,2700300,city,31090,13340.65661,2,527,0,0.017,233047,False,False
202138,2021-09-22,523,AL,Arapiraca,2700300,city,31088,13339.79841,3,527,0,0.017,233047,False,False
202138,2021-09-21,522,AL,Arapiraca,2700300,city,31085,13338.51112,2,527,0,0.017,233047,False,False
202138,2021-09-20,521,AL,Arapiraca,2700300,city,31083,13337.65292,1,527,0,0.017,233047,False,False
202138,2021-09-19,520,AL,Arapiraca,2700300,city,31082,13337.22382,6,527,1,0.017,233047,False,False
202137,2021-09-18,519,AL,Arapiraca,2700300,city,31076,13334.64923,3,526,0,0.0169,233047,False,False
202137,2021-09-17,518,AL,Arapiraca,2700300,city,31073,13333.36194,0,526,1,0.0169,233047,False,False
202137,2021-09-16,517,AL,Arapiraca,2700300,city,31073,13333.36194,2,525,0,0.0169,233047,False,False
202137,2021-09-15,516,AL,Arapiraca,2700300,city,31071,13332.50374,3,525,0,0.0169,233047,False,False
202137,2021-09-14,515,AL,Arapiraca,2700300,city,31068,13331.21645,3,525,0,0.0169,233047,False,False
202137,2021-09-13,514,AL,Arapiraca,2700300,city,31065,13329.92916,0,525,0,0.0169,233047,False,False
202137,2021-09-12,513,AL,Arapiraca,2700300,city,31065,13329.92916,10,525,0,0.0169,233047,False,False
202136,2021-09-11,512,AL,Arapiraca,2700300,city,31055,13325.63818,3,525,1,0.0169,233047,False,False
202136,2021-09-10,511,AL,Arapiraca,2700300,city,31052,13324.35088,0,524,0,0.0169,233047,False,False
202136,2021-09-09,510,AL,Arapiraca,2700300,city,31052,13324.35088,5,524,0,0.0169,233047,False,False
202136,2021-09-08,509,AL,Arapiraca,2700300,city,31047,13322.20539,3,524,0,0.0169,233047,False,False
202136,2021-09-07,508,AL,Arapiraca,2700300,city,31044,13320.9181,5,524,0,0.0169,233047,False,False
202136,2021-09-06,507,AL,Arapiraca,2700300,city,31039,13318.77261,29,524,5,0.0169,233047,False,False
202136,2021-09-05,506,AL,Arapiraca,2700300,city,31010,13306.32877,0,519,0,0.0167,233047,False,True
202135,2021-09-04,505,AL,Arapiraca,2700300,city,31010,13306.32877,0,519,0,0.0167,233047,False,True
202135,2021-09-03,504,AL,Arapiraca,2700300,city,31010,13306.32877,0,519,0,0.0167,233047,False,True
202135,2021-09-02,503,AL,Arapiraca,2700300,city,31010,13306.32877,0,519,0,0.0167,233047,False,True
202135,2021-09-01,502,AL,Arapiraca,2700300,city,31010,13306.32877,0,519,0,0.0167,233047,False,True
202135,2021-08-31,501,AL,Arapiraca,2700300,city,31010,13306.32877,9,519,0,0.0167,233047,False,False
202135,2021-08-30,500,AL,Arapiraca,2700300,city,31001,13302.46688,5,519,0,0.0167,233047,False,False
202135,2021-08-29,499,AL,Arapiraca,2700300,city,30996,13300.32139,8,519,0,0.0167,233047,False,False
202134,2021-08-28,498,AL,Arapiraca,2700300,city,30988,13296.88861,9,519,2,0.0167,233047,False,False
202134,2021-08-27,497,AL,Arapiraca,2700300,city,30979,13293.02673,44,517,0,0.0167,233047,False,False
202134,2021-08-26,496,AL,Arapiraca,2700300,city,30935,13274.14642,35,517,1,0.0167,233047,False,False
202134,2021-08-25,495,AL,Arapiraca,2700300,city,30900,13259.12799,22,516,0,0.0167,233047,False,False
202134,2021-08-24,494,AL,Arapiraca,2700300,city,30878,13249.68783,12,516,2,0.0167,233047,False,False
202134,2021-08-23,493,AL,Arapiraca,2700300,city,30866,13244.53866,3,514,0,0.0167,233047,False,False
202134,2021-08-22,492,AL,Arapiraca,2700300,city,30863,13243.25136,5,514,0,0.0167,233047,False,False
202133,2021-08-21,491,AL,Arapiraca,2700300,city,30858,13241.10587,21,514,0,0.0167,233047,False,False
202133,2021-08-20,490,AL,Arapiraca,2700300,city,30837,13232.09481,2,514,0,0.0167,233047,False,False
202133,2021-08-19,489,AL,Arapiraca,2700300,city,30835,13231.23662,12,514,1,0.0167,233047,False,False
202133,2021-08-18,488,AL,Arapiraca,2700300,city,30823,13226.08744,23,513,1,0.0166,233047,False,False
202133,2021-08-17,487,AL,Arapiraca,2700300,city,30800,13216.21819,6,512,0,0.0166,233047,False,False
202133,2021-08-16,486,AL,Arapiraca,2700300,city,30794,13213.6436,8,512,0,0.0166,233047,False,False
202133,2021-08-15,485,AL,Arapiraca,2700300,city,30786,13210.21082,5,512,0,0.0166,233047,False,False
202132,2021-08-14,484,AL,Arapiraca,2700300,city,30781,13208.06533,25,512,0,0.0166,233047,False,False
202132,2021-08-13,483,AL,Arapiraca,2700300,city,30756,13197.33788,19,512,0,0.0166,233047,False,False
202132,2021-08-12,482,AL,Arapiraca,2700300,city,30737,13189.18501,16,512,0,0.0167,233047,False,False
202132,2021-08-11,481,AL,Arapiraca,2700300,city,30721,13182.31945,15,512,0,0.0167,233047,False,False
202132,2021-08-10,480,AL,Arapiraca,2700300,city,30706,13175.88298,17,512,0,0.0167,233047,False,False
202132,2021-08-09,479,AL,Arapiraca,2700300,city,30689,13168.58831,4,512,1,0.0167,233047,False,False
202132,2021-08-08,478,AL,Arapiraca,2700300,city,30685,13166.87192,20,511,0,0.0167,233047,False,False
202131,2021-08-07,477,AL,Arapiraca,2700300,city,30665,13158.28996,19,511,0,0.0167,233047,False,False
202131,2021-08-06,476,AL,Arapiraca,2700300,city,30646,13150.1371,37,511,2,0.0167,233047,False,False
202131,2021-08-05,475,AL,Arapiraca,2700300,city,30609,13134.26047,8,509,0,0.0166,233047,False,False
202131,2021-08-04,474,AL,Arapiraca,2700300,city,30601,13130.82769,25,509,1,0.0166,233047,False,False
202131,2021-08-03,473,AL,Arapiraca,2700300,city,30576,13120.10024,23,508,2,0.0166,233047,False,False
202131,2021-08-02,472,AL,Arapiraca,2700300,city,30553,13110.23098,12,506,0,0.0166,233047,False,False
202131,2021-08-01,471,AL,Arapiraca,2700300,city,30541,13105.08181,29,506,1,0.0166,233047,False,False
202130,2021-07-31,470,AL,Arapiraca,2700300,city,30512,13092.63797,8,505,0,0.0166,233047,False,False
202130,2021-07-30,469,AL,Arapiraca,2700300,city,30504,13089.20518,60,505,0,0.0166,233047,False,False
202130,2021-07-29,468,AL,Arapiraca,2700300,city,30444,13063.4593,20,505,3,0.0166,233047,False,False
202130,2021-07-28,467,AL,Arapiraca,2700300,city,30424,13054.87734,35,502,2,0.0165,233047,False,False
202130,2021-07-27,466,AL,Arapiraca,2700300,city,30389,13039.85891,46,500,2,0.0165,233047,False,False
202130,2021-07-26,465,AL,Arapiraca,2700300,city,30343,13020.1204,6,498,2,0.0164,233047,False,False
202130,2021-07-25,464,AL,Arapiraca,2700300,city,30337,13017.54582,23,496,0,0.0163,233047,False,False
202129,2021-07-24,463,AL,Arapiraca,2700300,city,30314,13007.67656,21,496,1,0.0164,233047,False,False
202129,2021-07-23,462,AL,Arapiraca,2700300,city,30293,12998.66551,53,495,3,0.0163,233047,False,False
202129,2021-07-22,461,AL,Arapiraca,2700300,city,30240,12975.92331,17,492,3,0.0163,233047,False,False
202129,2021-07-21,460,AL,Arapiraca,2700300,city,30223,12968.62865,41,489,3,0.0162,233047,False,False
202129,2021-07-20,459,AL,Arapiraca,2700300,city,30182,12951.03563,48,486,2,0.0161,233047,False,False
202129,2021-07-19,458,AL,Arapiraca,2700300,city,30134,12930.43892,34,484,3,0.0161,233047,False,False
202129,2021-07-18,457,AL,Arapiraca,2700300,city,30100,12915.84959,39,481,0,0.016,233047,False,False
202128,2021-07-17,456,AL,Arapiraca,2700300,city,30061,12899.11477,43,481,1,0.016,233047,False,False
202128,2021-07-16,455,AL,Arapiraca,2700300,city,30018,12880.66356,66,480,0,0.016,233047,False,False
202128,2021-07-15,454,AL,Arapiraca,2700300,city,29952,12852.34309,17,480,0,0.016,233047,False,False
202128,2021-07-14,453,AL,Arapiraca,2700300,city,29935,12845.04842,83,480,0,0.016,233047,False,False
202128,2021-07-13,452,AL,Arapiraca,2700300,city,29852,12809.43329,49,480,1,0.0161,233047,False,False
202128,2021-07-12,451,AL,Arapiraca,2700300,city,29803,12788.40749,43,479,2,0.0161,233047,False,False
202128,2021-07-11,450,AL,Arapiraca,2700300,city,29760,12769.95627,72,477,3,0.016,233047,False,False
202127,2021-07-10,449,AL,Arapiraca,2700300,city,29688,12739.06122,47,474,1,0.016,233047,False,False
202127,2021-07-09,448,AL,Arapiraca,2700300,city,29641,12718.89361,70,473,3,0.016,233047,False,False
202127,2021-07-08,447,AL,Arapiraca,2700300,city,29571,12688.85675,67,470,2,0.0159,233047,False,False
202127,2021-07-07,446,AL,Arapiraca,2700300,city,29504,12660.10719,73,468,3,0.0159,233047,False,False
202127,2021-07-06,445,AL,Arapiraca,2700300,city,29431,12628.78304,84,465,3,0.0158,233047,False,False
202127,2021-07-05,444,AL,Arapiraca,2700300,city,29347,12592.7388,58,462,2,0.0157,233047,False,False
202127,2021-07-04,443,AL,Arapiraca,2700300,city,29289,12567.85112,98,460,0,0.0157,233047,False,False
202126,2021-07-03,442,AL,Arapiraca,2700300,city,29191,12525.79952,68,460,2,0.0158,233047,False,False
202126,2021-07-02,441,AL,Arapiraca,2700300,city,29123,12496.62085,134,458,0,0.0157,233047,False,False
202126,2021-07-01,440,AL,Arapiraca,2700300,city,28989,12439.12172,173,458,1,0.0158,233047,False,False
202126,2021-06-30,439,AL,Arapiraca,2700300,city,28816,12364.88777,148,457,4,0.0159,233047,False,False
202126,2021-06-29,438,AL,Arapiraca,2700300,city,28668,12301.38127,102,453,2,0.0158,233047,False,False
202126,2021-06-28,437,AL,Arapiraca,2700300,city,28566,12257.61327,152,451,4,0.0158,233047,False,False
202126,2021-06-27,436,AL,Arapiraca,2700300,city,28414,12192.39038,14,447,1,0.0157,233047,False,False
202125,2021-06-26,435,AL,Arapiraca,2700300,city,28400,12186.383,266,446,0,0.0157,233047,False,False
202125,2021-06-25,434,AL,Arapiraca,2700300,city,28134,12072.24294,91,446,4,0.0159,233047,False,False
202125,2021-06-24,433,AL,Arapiraca,2700300,city,28043,12033.19502,38,442,4,0.0158,233047,False,False
202125,2021-06-23,432,AL,Arapiraca,2700300,city,28005,12016.8893,88,438,4,0.0156,233047,False,False
202125,2021-06-22,431,AL,Arapiraca,2700300,city,27917,11979.12867,131,434,4,0.0155,233047,False,False
202125,2021-06-21,430,AL,Arapiraca,2700300,city,27786,11922.91684,176,430,3,0.0155,233047,False,False
202125,2021-06-20,429,AL,Arapiraca,2700300,city,27610,11847.39559,140,427,1,0.0155,233047,False,False
202124,2021-06-19,428,AL,Arapiraca,2700300,city,27470,11787.32187,161,426,1,0.0155,233047,False,False
202124,2021-06-18,427,AL,Arapiraca,2700300,city,27309,11718.23709,241,425,0,0.0156,233047,False,False
202124,2021-06-17,426,AL,Arapiraca,2700300,city,27068,11614.82448,211,425,3,0.0157,233047,False,False
202124,2021-06-16,425,AL,Arapiraca,2700300,city,26857,11524.2848,261,422,2,0.0157,233047,False,False
202124,2021-06-15,424,AL,Arapiraca,2700300,city,26596,11412.29022,84,420,0,0.0158,233047,False,False
202124,2021-06-14,423,AL,Arapiraca,2700300,city,26512,11376.24599,218,420,4,0.0158,233047,False,False
202124,2021-06-13,422,AL,Arapiraca,2700300,city,26294,11282.70263,209,416,1,0.0158,233047,False,False
202123,2021-06-12,421,AL,Arapiraca,2700300,city,26085,11193.02115,221,415,3,0.0159,233047,False,False
202123,2021-06-11,420,AL,Arapiraca,2700300,city,25864,11098.19049,167,412,0,0.0159,233047,False,False
202123,2021-06-10,419,AL,Arapiraca,2700300,city,25697,11026.53113,80,412,1,0.016,233047,False,False
202123,2021-06-09,418,AL,Arapiraca,2700300,city,25617,10992.20329,232,411,3,0.016,233047,False,False
202123,2021-06-08,417,AL,Arapiraca,2700300,city,25385,10892.65256,139,408,4,0.0161,233047,False,False
202123,2021-06-07,416,AL,Arapiraca,2700300,city,25246,10833.00793,68,404,1,0.016,233047,False,False
202123,2021-06-06,415,AL,Arapiraca,2700300,city,25178,10803.82927,333,403,0,0.016,233047,False,False
202122,2021-06-05,414,AL,Arapiraca,2700300,city,24845,10660.93964,138,403,3,0.0162,233047,False,False
202122,2021-06-04,413,AL,Arapiraca,2700300,city,24707,10601.72412,117,400,0,0.0162,233047,False,False
202122,2021-06-03,412,AL,Arapiraca,2700300,city,24590,10551.51965,83,400,1,0.0163,233047,False,False
202122,2021-06-02,411,AL,Arapiraca,2700300,city,24507,10515.90452,207,399,3,0.0163,233047,False,False
202122,2021-06-01,410,AL,Arapiraca,2700300,city,24300,10427.08123,128,396,3,0.0163,233047,False,False
202122,2021-05-31,409,AL,Arapiraca,2700300,city,24172,10372.15669,78,393,2,0.0163,233047,False,False
202122,2021-05-30,408,AL,Arapiraca,2700300,city,24094,10338.68705,56,391,3,0.0162,233047,False,False
202121,2021-05-29,407,AL,Arapiraca,2700300,city,24038,10314.65756,188,388,1,0.0161,233047,False,False
202121,2021-05-28,406,AL,Arapiraca,2700300,city,23850,10233.98714,31,387,1,0.0162,233047,False,False
202121,2021-05-27,405,AL,Arapiraca,2700300,city,23819,10220.6851,8,386,3,0.0162,233047,False,False
202121,2021-05-26,404,AL,Arapiraca,2700300,city,23811,10217.25231,191,383,0,0.0161,233047,False,False
202121,2021-05-25,403,AL,Arapiraca,2700300,city,23620,10135.2946,53,383,2,0.0162,233047,False,False
202121,2021-05-24,402,AL,Arapiraca,2700300,city,23567,10112.5524,49,381,2,0.0162,233047,False,False
202121,2021-05-23,401,AL,Arapiraca,2700300,city,23518,10091.5266,86,379,0,0.0161,233047,False,False
202120,2021-05-22,400,AL,Arapiraca,2700300,city,23432,10054.62417,83,379,3,0.0162,233047,False,False
202120,2021-05-21,399,AL,Arapiraca,2700300,city,23349,10019.00904,40,376,3,0.0161,233047,False,False
202120,2021-05-20,398,AL,Arapiraca,2700300,city,23309,10001.84512,132,373,3,0.016,233047,False,False
202120,2021-05-19,397,AL,Arapiraca,2700300,city,23177,9945.20419,35,370,3,0.016,233047,False,False
202120,2021-05-18,396,AL,Arapiraca,2700300,city,23142,9930.18576,54,367,2,0.0159,233047,False,False
202120,2021-05-17,395,AL,Arapiraca,2700300,city,23088,9907.01446,204,365,2,0.0158,233047,False,False
202120,2021-05-16,394,AL,Arapiraca,2700300,city,22884,9819.47847,16,363,0,0.0159,233047,False,False
202119,2021-05-15,393,AL,Arapiraca,2700300,city,22868,9812.61291,75,363,1,0.0159,233047,False,False
202119,2021-05-14,392,AL,Arapiraca,2700300,city,22793,9780.43056,99,362,2,0.0159,233047,False,False
202119,2021-05-13,391,AL,Arapiraca,2700300,city,22694,9737.94986,88,360,2,0.0159,233047,False,False
202119,2021-05-12,390,AL,Arapiraca,2700300,city,22606,9700.18923,122,358,1,0.0158,233047,False,False
202119,2021-05-11,389,AL,Arapiraca,2700300,city,22484,9647.83928,65,357,3,0.0159,233047,False,False
202119,2021-05-10,388,AL,Arapiraca,2700300,city,22419,9619.94791,32,354,0,0.0158,233047,False,False
202119,2021-05-09,387,AL,Arapiraca,2700300,city,22387,9606.21677,176,354,0,0.0158,233047,False,False
202118,2021-05-08,386,AL,Arapiraca,2700300,city,22211,9530.69552,96,354,1,0.0159,233047,False,False
202118,2021-05-07,385,AL,Arapiraca,2700300,city,22115,9489.50212,-54,353,2,0.016,233047,False,False
202118,2021-05-06,384,AL,Arapiraca,2700300,city,22169,9512.67341,147,351,3,0.0158,233047,False,False
202118,2021-05-05,383,AL,Arapiraca,2700300,city,22022,9449.596,177,348,6,0.0158,233047,False,False
202118,2021-05-04,382,AL,Arapiraca,2700300,city,21845,9373.64566,0,342,0,0.0157,233047,False,True
202118,2021-05-03,381,AL,Arapiraca,2700300,city,21845,9373.64566,49,342,2,0.0157,233047,False,False
202118,2021-05-02,380,AL,Arapiraca,2700300,city,21796,9352.61986,14,340,0,0.0156,233047,False,False
202117,2021-05-01,379,AL,Arapiraca,2700300,city,21782,9346.61249,182,340,3,0.0156,233047,False,False
202117,2021-04-30,378,AL,Arapiraca,2700300,city,21600,9268.51665,64,337,3,0.0156,233047,False,False
202117,2021-04-29,377,AL,Arapiraca,2700300,city,21536,9241.05438,63,334,3,0.0155,233047,False,False
202117,2021-04-28,376,AL,Arapiraca,2700300,city,21473,9214.02121,123,331,3,0.0154,233047,False,False
202117,2021-04-27,375,AL,Arapiraca,2700300,city,21350,9161.24215,124,328,2,0.0154,233047,False,False
202117,2021-04-26,374,AL,Arapiraca,2700300,city,21226,9108.034,26,326,0,0.0154,233047,False,False
202117,2021-04-25,373,AL,Arapiraca,2700300,city,21200,9096.87745,58,326,2,0.0154,233047,False,False
202116,2021-04-24,372,AL,Arapiraca,2700300,city,21142,9071.98977,169,324,0,0.0153,233047,False,False
202116,2021-04-23,371,AL,Arapiraca,2700300,city,20973,8999.47221,54,324,0,0.0154,233047,False,False
202116,2021-04-22,370,AL,Arapiraca,2700300,city,20919,8976.30092,11,324,0,0.0155,233047,False,False
202116,2021-04-21,369,AL,Arapiraca,2700300,city,20908,8971.58084,106,324,0,0.0155,233047,False,False
202116,2021-04-20,368,AL,Arapiraca,2700300,city,20802,8926.09645,20,324,4,0.0156,233047,False,False
202116,2021-04-19,367,AL,Arapiraca,2700300,city,20782,8917.51449,79,320,0,0.0154,233047,False,False
202116,2021-04-18,366,AL,Arapiraca,2700300,city,20703,8883.61575,136,320,0,0.0155,233047,False,False
202115,2021-04-17,365,AL,Arapiraca,2700300,city,20567,8825.25842,241,320,2,0.0156,233047,False,False
202115,2021-04-16,364,AL,Arapiraca,2700300,city,20326,8721.84581,85,318,2,0.0156,233047,False,False
202115,2021-04-15,363,AL,Arapiraca,2700300,city,20241,8685.37248,23,316,3,0.0156,233047,False,False
202115,2021-04-14,362,AL,Arapiraca,2700300,city,20218,8675.50322,62,313,1,0.0155,233047,False,False
202115,2021-04-13,361,AL,Arapiraca,2700300,city,20156,8648.89915,107,312,2,0.0155,233047,False,False
202115,2021-04-12,360,AL,Arapiraca,2700300,city,20049,8602.98566,48,310,2,0.0155,233047,False,False
202115,2021-04-11,359,AL,Arapiraca,2700300,city,20001,8582.38896,51,308,1,0.0154,233047,False,False
202114,2021-04-10,358,AL,Arapiraca,2700300,city,19950,8560.50496,144,307,0,0.0154,233047,False,False
202114,2021-04-09,357,AL,Arapiraca,2700300,city,19806,8498.71485,93,307,0,0.0155,233047,False,False
202114,2021-04-08,356,AL,Arapiraca,2700300,city,19713,8458.80874,83,307,1,0.0156,233047,False,False
202114,2021-04-07,355,AL,Arapiraca,2700300,city,19630,8423.1936,138,306,5,0.0156,233047,False,False
202114,2021-04-06,354,AL,Arapiraca,2700300,city,19492,8363.97808,0,301,0,0.0154,233047,False,True
202114,2021-04-05,353,AL,Arapiraca,2700300,city,19492,8363.97808,35,301,1,0.0154,233047,False,False
202114,2021-04-04,352,AL,Arapiraca,2700300,city,19457,8348.95965,61,300,3,0.0154,233047,False,False
202113,2021-04-03,351,AL,Arapiraca,2700300,city,19396,8322.78467,79,297,3,0.0153,233047,False,False
202113,2021-04-02,350,AL,Arapiraca,2700300,city,19317,8288.88593,60,294,3,0.0152,233047,False,False
202113,2021-04-01,349,AL,Arapiraca,2700300,city,19257,8263.14005,57,291,3,0.0151,233047,False,False
202113,2021-03-31,348,AL,Arapiraca,2700300,city,19200,8238.68147,195,288,4,0.015,233047,False,False
202113,2021-03-30,347,AL,Arapiraca,2700300,city,19005,8155.00736,0,284,0,0.0149,233047,False,True
202113,2021-03-29,346,AL,Arapiraca,2700300,city,19005,8155.00736,0,284,0,0.0149,233047,False,True
202113,2021-03-28,345,AL,Arapiraca,2700300,city,19005,8155.00736,71,284,3,0.0149,233047,False,False
202112,2021-03-27,344,AL,Arapiraca,2700300,city,18934,8124.5414,49,281,1,0.0148,233047,False,False
202112,2021-03-26,343,AL,Arapiraca,2700300,city,18885,8103.5156,137,280,6,0.0148,233047,False,False
202112,2021-03-25,342,AL,Arapiraca,2700300,city,18748,8044.72917,0,274,0,0.0146,233047,False,True
202112,2021-03-24,341,AL,Arapiraca,2700300,city,18748,8044.72917,0,274,0,0.0146,233047,False,True
202112,2021-03-23,340,AL,Arapiraca,2700300,city,18748,8044.72917,72,274,1,0.0146,233047,False,False
202112,2021-03-22,339,AL,Arapiraca,2700300,city,18676,8013.83412,98,273,2,0.0146,233047,False,False
202112,2021-03-21,338,AL,Arapiraca,2700300,city,18578,7971.78252,96,271,2,0.0146,233047,False,False
202111,2021-03-20,337,AL,Arapiraca,2700300,city,18482,7930.58911,150,269,3,0.0146,233047,False,False
202111,2021-03-19,336,AL,Arapiraca,2700300,city,18332,7866.22441,127,266,3,0.0145,233047,False,False
202111,2021-03-18,335,AL,Arapiraca,2700300,city,18205,7811.72896,196,263,3,0.0144,233047,False,False
202111,2021-03-17,334,AL,Arapiraca,2700300,city,18009,7727.62576,116,260,2,0.0144,233047,False,False
202111,2021-03-16,333,AL,Arapiraca,2700300,city,17893,7677.85039,103,258,3,0.0144,233047,False,False
202111,2021-03-15,332,AL,Arapiraca,2700300,city,17790,7633.6533,73,255,2,0.0143,233047,False,False
202111,2021-03-14,331,AL,Arapiraca,2700300,city,17717,7602.32914,64,253,1,0.0143,233047,False,False
202110,2021-03-13,330,AL,Arapiraca,2700300,city,17653,7574.86687,126,252,2,0.0143,233047,False,False
202110,2021-03-12,329,AL,Arapiraca,2700300,city,17527,7520.80053,129,250,2,0.0143,233047,False,False
202110,2021-03-11,328,AL,Arapiraca,2700300,city,17398,7465.44688,43,248,3,0.0143,233047,False,False
202110,2021-03-10,327,AL,Arapiraca,2700300,city,17355,7446.99567,92,245,2,0.0141,233047,False,False
202110,2021-03-09,326,AL,Arapiraca,2700300,city,17263,7407.51866,63,243,3,0.0141,233047,False,False
202110,2021-03-08,325,AL,Arapiraca,2700300,city,17200,7380.48548,101,240,2,0.014,233047,False,False
202110,2021-03-07,324,AL,Arapiraca,2700300,city,17099,7337.14658,46,238,0,0.0139,233047,False,False
202109,2021-03-06,323,AL,Arapiraca,2700300,city,17053,7317.40808,80,238,2,0.014,233047,False,False
202109,2021-03-05,322,AL,Arapiraca,2700300,city,16973,7283.08024,61,236,2,0.0139,233047,False,False
202109,2021-03-04,321,AL,Arapiraca,2700300,city,16912,7256.90526,82,234,2,0.0138,233047,False,False
202109,2021-03-03,320,AL,Arapiraca,2700300,city,16830,7221.71922,105,232,2,0.0138,233047,False,False
202109,2021-03-02,319,AL,Arapiraca,2700300,city,16725,7176.66393,131,230,2,0.0138,233047,False,False
202109,2021-03-01,318,AL,Arapiraca,2700300,city,16594,7120.4521,142,228,1,0.0137,233047,False,False
202109,2021-02-28,317,AL,Arapiraca,2700300,city,16452,7059.52018,152,227,2,0.0138,233047,False,False
202108,2021-02-27,316,AL,Arapiraca,2700300,city,16300,6994.29729,5,225,1,0.0138,233047,False,False
202108,2021-02-26,315,AL,Arapiraca,2700300,city,16295,6992.1518,70,224,1,0.0137,233047,False,False
202108,2021-02-25,314,AL,Arapiraca,2700300,city,16225,6962.11494,45,223,1,0.0137,233047,False,False
202108,2021-02-24,313,AL,Arapiraca,2700300,city,16180,6942.80553,56,222,1,0.0137,233047,False,False
202108,2021-02-23,312,AL,Arapiraca,2700300,city,16124,6918.77604,37,221,1,0.0137,233047,False,False
202108,2021-02-22,311,AL,Arapiraca,2700300,city,16087,6902.89942,45,220,0,0.0137,233047,False,False
202108,2021-02-21,310,AL,Arapiraca,2700300,city,16042,6883.59001,23,220,1,0.0137,233047,False,False
202107,2021-02-20,309,AL,Arapiraca,2700300,city,16019,6873.72075,29,219,1,0.0137,233047,False,False
202107,2021-02-19,308,AL,Arapiraca,2700300,city,15990,6861.27691,58,218,1,0.0136,233047,False,False
202107,2021-02-18,307,AL,Arapiraca,2700300,city,15932,6836.38923,34,217,2,0.0136,233047,False,False
202107,2021-02-17,306,AL,Arapiraca,2700300,city,15898,6821.79989,34,215,1,0.0135,233047,False,False
202107,2021-02-16,305,AL,Arapiraca,2700300,city,15864,6807.21056,39,214,2,0.0135,233047,False,False
202107,2021-02-15,304,AL,Arapiraca,2700300,city,15825,6790.47574,22,212,0,0.0134,233047,False,False
202107,2021-02-14,303,AL,Arapiraca,2700300,city,15803,6781.03559,130,212,1,0.0134,233047,False,False
202106,2021-02-13,302,AL,Arapiraca,2700300,city,15673,6725.25285,42,211,1,0.0135,233047,False,False
202106,2021-02-12,301,AL,Arapiraca,2700300,city,15631,6707.23073,36,210,1,0.0134,233047,False,False
202106,2021-02-11,300,AL,Arapiraca,2700300,city,15595,6691.7832,48,209,2,0.0134,233047,False,False
202106,2021-02-10,299,AL,Arapiraca,2700300,city,15547,6671.1865,61,207,2,0.0133,233047,False,False
202106,2021-02-09,298,AL,Arapiraca,2700300,city,15486,6645.01152,30,205,0,0.0132,233047,False,False
202106,2021-02-08,297,AL,Arapiraca,2700300,city,15456,6632.13858,21,205,0,0.0133,233047,False,False
202106,2021-02-07,296,AL,Arapiraca,2700300,city,15435,6623.12752,14,205,1,0.0133,233047,False,False
202105,2021-02-06,295,AL,Arapiraca,2700300,city,15421,6617.12015,39,204,1,0.0132,233047,False,False
202105,2021-02-05,294,AL,Arapiraca,2700300,city,15382,6600.38533,58,203,0,0.0132,233047,False,False
202105,2021-02-04,293,AL,Arapiraca,2700300,city,15324,6575.49765,17,203,1,0.0132,233047,False,False
202105,2021-02-03,292,AL,Arapiraca,2700300,city,15307,6568.20298,41,202,1,0.0132,233047,False,False
202105,2021-02-02,291,AL,Arapiraca,2700300,city,15266,6550.60996,29,201,0,0.0132,233047,False,False
202105,2021-02-01,290,AL,Arapiraca,2700300,city,15237,6538.16612,41,201,0,0.0132,233047,False,False
202105,2021-01-31,289,AL,Arapiraca,2700300,city,15196,6520.5731,16,201,1,0.0132,233047,False,False
202104,2021-01-30,288,AL,Arapiraca,2700300,city,15180,6513.70754,18,200,1,0.0132,233047,False,False
202104,2021-01-29,287,AL,Arapiraca,2700300,city,15162,6505.98377,25,199,0,0.0131,233047,False,False
202104,2021-01-28,286,AL,Arapiraca,2700300,city,15137,6495.25632,37,199,0,0.0131,233047,False,False
202104,2021-01-27,285,AL,Arapiraca,2700300,city,15100,6479.3797,52,199,0,0.0132,233047,False,False
202104,2021-01-26,284,AL,Arapiraca,2700300,city,15048,6457.0666,33,199,0,0.0132,233047,False,False
202104,2021-01-25,283,AL,Arapiraca,2700300,city,15015,6442.90637,25,199,1,0.0133,233047,False,False
202104,2021-01-24,282,AL,Arapiraca,2700300,city,14990,6432.17892,21,198,0,0.0132,233047,False,False
202103,2021-01-23,281,AL,Arapiraca,2700300,city,14969,6423.16786,42,198,1,0.0132,233047,False,False
202103,2021-01-22,280,AL,Arapiraca,2700300,city,14927,6405.14574,35,197,0,0.0132,233047,False,False
202103,2021-01-21,279,AL,Arapiraca,2700300,city,14892,6390.12731,64,197,1,0.0132,233047,False,False
202103,2021-01-20,278,AL,Arapiraca,2700300,city,14828,6362.66504,26,196,2,0.0132,233047,False,False
202103,2021-01-19,277,AL,Arapiraca,2700300,city,14802,6351.50849,40,194,2,0.0131,233047,False,False
202103,2021-01-18,276,AL,Arapiraca,2700300,city,14762,6334.34457,45,192,1,0.013,233047,False,False
202103,2021-01-17,275,AL,Arapiraca,2700300,city,14717,6315.03516,109,191,2,0.013,233047,False,False
202102,2021-01-16,274,AL,Arapiraca,2700300,city,14608,6268.26348,0,189,0,0.0129,233047,False,True
202102,2021-01-15,273,AL,Arapiraca,2700300,city,14608,6268.26348,49,189,1,0.0129,233047,False,False
202102,2021-01-14,272,AL,Arapiraca,2700300,city,14559,6247.23768,52,188,1,0.0129,233047,False,False
202102,2021-01-13,271,AL,Arapiraca,2700300,city,14507,6224.92459,38,187,0,0.0129,233047,False,False
202102,2021-01-12,270,AL,Arapiraca,2700300,city,14469,6208.61886,39,187,1,0.0129,233047,False,False
202102,2021-01-11,269,AL,Arapiraca,2700300,city,14430,6191.88404,37,186,0,0.0129,233047,False,False
202102,2021-01-10,268,AL,Arapiraca,2700300,city,14393,6176.00741,37,186,0,0.0129,233047,False,False
202101,2021-01-09,267,AL,Arapiraca,2700300,city,14356,6160.13079,58,186,0,0.013,233047,False,False
202101,2021-01-08,266,AL,Arapiraca,2700300,city,14298,6135.24311,40,186,1,0.013,233047,False,False
202101,2021-01-07,265,AL,Arapiraca,2700300,city,14258,6118.07919,46,185,0,0.013,233047,False,False
202101,2021-01-06,264,AL,Arapiraca,2700300,city,14212,6098.34068,35,185,1,0.013,233047,False,False
202101,2021-01-05,263,AL,Arapiraca,2700300,city,14177,6083.32225,52,184,0,0.013,233047,False,False
202101,2021-01-04,262,AL,Arapiraca,2700300,city,14125,6061.00915,44,184,1,0.013,233047,False,False
202101,2021-01-03,261,AL,Arapiraca,2700300,city,14081,6042.12884,53,183,0,0.013,233047,False,False
202053,2021-01-02,260,AL,Arapiraca,2700300,city,14028,6019.38665,57,183,0,0.013,233047,False,False
202053,2021-01-01,259,AL,Arapiraca,2700300,city,13971,5994.92806,40,183,0,0.0131,233047,False,False
202053,2020-12-31,258,AL,Arapiraca,2700300,city,13931,5977.76414,27,183,1,0.0131,233047,False,False
202053,2020-12-30,257,AL,Arapiraca,2700300,city,13904,5966.1785,39,182,0,0.0131,233047,False,False
202053,2020-12-29,256,AL,Arapiraca,2700300,city,13865,5949.44367,15,182,1,0.0131,233047,False,False
202053,2020-12-28,255,AL,Arapiraca,2700300,city,13850,5943.0072,18,181,0,0.0131,233047,False,False
202053,2020-12-27,254,AL,Arapiraca,2700300,city,13832,5935.28344,33,181,1,0.0131,233047,False,False
202052,2020-12-26,253,AL,Arapiraca,2700300,city,13799,5921.12321,21,180,0,0.013,233047,False,False
202052,2020-12-25,252,AL,Arapiraca,2700300,city,13778,5912.11215,22,180,0,0.0131,233047,False,False
202052,2020-12-24,251,AL,Arapiraca,2700300,city,13756,5902.67199,89,180,1,0.0131,233047,False,False
202052,2020-12-23,250,AL,Arapiraca,2700300,city,13667,5864.48227,15,179,0,0.0131,233047,False,False
202052,2020-12-22,249,AL,Arapiraca,2700300,city,13652,5858.0458,36,179,0,0.0131,233047,False,False
202052,2020-12-21,248,AL,Arapiraca,2700300,city,13616,5842.59827,24,179,0,0.0131,233047,False,False
202052,2020-12-20,247,AL,Arapiraca,2700300,city,13592,5832.29992,28,179,1,0.0132,233047,False,False
202051,2020-12-19,246,AL,Arapiraca,2700300,city,13564,5820.28518,46,178,0,0.0131,233047,False,False
202051,2020-12-18,245,AL,Arapiraca,2700300,city,13518,5800.54667,35,178,0,0.0132,233047,False,False
202051,2020-12-17,244,AL,Arapiraca,2700300,city,13483,5785.52824,49,178,1,0.0132,233047,False,False
202051,2020-12-16,243,AL,Arapiraca,2700300,city,13434,5764.50244,19,177,1,0.0132,233047,False,False
202051,2020-12-15,242,AL,Arapiraca,2700300,city,13415,5756.34958,64,176,1,0.0131,233047,False,False
202051,2020-12-14,241,AL,Arapiraca,2700300,city,13351,5728.88731,42,175,0,0.0131,233047,False,False
202051,2020-12-13,240,AL,Arapiraca,2700300,city,13309,5710.86519,35,175,1,0.0131,233047,False,False
202050,2020-12-12,239,AL,Arapiraca,2700300,city,13274,5695.84676,1,174,0,0.0131,233047,False,False
202050,2020-12-11,238,AL,Arapiraca,2700300,city,13273,5695.41766,31,174,0,0.0131,233047,False,False
202050,2020-12-10,237,AL,Arapiraca,2700300,city,13242,5682.11562,38,174,0,0.0131,233047,False,False
202050,2020-12-09,236,AL,Arapiraca,2700300,city,13204,5665.8099,29,174,0,0.0132,233047,False,False
202050,2020-12-08,235,AL,Arapiraca,2700300,city,13175,5653.36606,43,174,0,0.0132,233047,False,False
202050,2020-12-07,234,AL,Arapiraca,2700300,city,13132,5634.91485,3,174,0,0.0133,233047,False,False
202050,2020-12-06,233,AL,Arapiraca,2700300,city,13129,5633.62755,19,174,0,0.0133,233047,False,False
202049,2020-12-05,232,AL,Arapiraca,2700300,city,13110,5625.47469,46,174,0,0.0133,233047,False,False
202049,2020-12-04,231,AL,Arapiraca,2700300,city,13064,5605.73618,36,174,1,0.0133,233047,False,False
202049,2020-12-03,230,AL,Arapiraca,2700300,city,13028,5590.28865,44,173,0,0.0133,233047,False,False
202049,2020-12-02,229,AL,Arapiraca,2700300,city,12984,5571.40834,21,173,0,0.0133,233047,False,False
202049,2020-12-01,228,AL,Arapiraca,2700300,city,12963,5562.39728,28,173,0,0.0133,233047,False,False
202049,2020-11-30,227,AL,Arapiraca,2700300,city,12935,5550.38254,37,173,0,0.0134,233047,False,False
202049,2020-11-29,226,AL,Arapiraca,2700300,city,12898,5534.50592,41,173,0,0.0134,233047,False,False
202048,2020-11-28,225,AL,Arapiraca,2700300,city,12857,5516.9129,32,173,1,0.0135,233047,False,False
202048,2020-11-27,224,AL,Arapiraca,2700300,city,12825,5503.18176,55,172,1,0.0134,233047,False,False
202048,2020-11-26,223,AL,Arapiraca,2700300,city,12770,5479.58137,15,171,1,0.0134,233047,False,False
202048,2020-11-25,222,AL,Arapiraca,2700300,city,12755,5473.1449,46,170,0,0.0133,233047,False,False
202048,2020-11-24,221,AL,Arapiraca,2700300,city,12709,5453.40639,19,170,0,0.0134,233047,False,False
202048,2020-11-23,220,AL,Arapiraca,2700300,city,12690,5445.25353,18,170,1,0.0134,233047,False,False
202048,2020-11-22,219,AL,Arapiraca,2700300,city,12672,5437.52977,18,169,0,0.0133,233047,False,False
202047,2020-11-21,218,AL,Arapiraca,2700300,city,12654,5429.806,35,169,0,0.0134,233047,False,False
202047,2020-11-20,217,AL,Arapiraca,2700300,city,12619,5414.78758,6,169,0,0.0134,233047,False,False
202047,2020-11-19,216,AL,Arapiraca,2700300,city,12613,5412.21299,24,169,0,0.0134,233047,False,False
202047,2020-11-18,215,AL,Arapiraca,2700300,city,12589,5401.91464,34,169,0,0.0134,233047,False,False
202047,2020-11-17,214,AL,Arapiraca,2700300,city,12555,5387.3253,30,169,0,0.0135,233047,False,False
202047,2020-11-16,213,AL,Arapiraca,2700300,city,12525,5374.45236,27,169,0,0.0135,233047,False,False
202047,2020-11-15,212,AL,Arapiraca,2700300,city,12498,5362.86672,49,169,0,0.0135,233047,False,False
202046,2020-11-14,211,AL,Arapiraca,2700300,city,12449,5341.84092,50,169,0,0.0136,233047,False,False
202046,2020-11-13,210,AL,Arapiraca,2700300,city,12399,5320.38602,18,169,1,0.0136,233047,False,False
202046,2020-11-12,209,AL,Arapiraca,2700300,city,12381,5312.66225,25,168,0,0.0136,233047,False,False
202046,2020-11-11,208,AL,Arapiraca,2700300,city,12356,5301.9348,9,168,0,0.0136,233047,False,False
202046,2020-11-10,207,AL,Arapiraca,2700300,city,12347,5298.07292,19,168,1,0.0136,233047,False,False
202046,2020-11-09,206,AL,Arapiraca,2700300,city,12328,5289.92006,26,167,0,0.0135,233047,False,False
202046,2020-11-08,205,AL,Arapiraca,2700300,city,12302,5278.76351,11,167,0,0.0136,233047,False,False
202045,2020-11-07,204,AL,Arapiraca,2700300,city,12291,5274.04343,28,167,1,0.0136,233047,False,False
202045,2020-11-06,203,AL,Arapiraca,2700300,city,12263,5262.02869,15,166,1,0.0135,233047,False,False
202045,2020-11-05,202,AL,Arapiraca,2700300,city,12248,5255.59222,47,165,0,0.0135,233047,False,False
202045,2020-11-04,201,AL,Arapiraca,2700300,city,12201,5235.42461,27,165,0,0.0135,233047,False,False
202045,2020-11-03,200,AL,Arapiraca,2700300,city,12174,5223.83897,16,165,0,0.0136,233047,False,False
202045,2020-11-02,199,AL,Arapiraca,2700300,city,12158,5216.9734,15,165,0,0.0136,233047,False,False
202045,2020-11-01,198,AL,Arapiraca,2700300,city,12143,5210.53693,11,165,1,0.0136,233047,False,False
202044,2020-10-31,197,AL,Arapiraca,2700300,city,12132,5205.81685,17,164,0,0.0135,233047,False,False
202044,2020-10-30,196,AL,Arapiraca,2700300,city,12115,5198.52219,5,164,0,0.0135,233047,False,False
202044,2020-10-29,195,AL,Arapiraca,2700300,city,12110,5196.3767,18,164,0,0.0135,233047,False,False
202044,2020-10-28,194,AL,Arapiraca,2700300,city,12092,5188.65293,23,164,1,0.0136,233047,False,False
202044,2020-10-27,193,AL,Arapiraca,2700300,city,12069,5178.78368,21,163,1,0.0135,233047,False,False
202044,2020-10-26,192,AL,Arapiraca,2700300,city,12048,5169.77262,12,162,0,0.0134,233047,False,False
202044,2020-10-25,191,AL,Arapiraca,2700300,city,12036,5164.62345,21,162,0,0.0135,233047,False,False
202043,2020-10-24,190,AL,Arapiraca,2700300,city,12015,5155.61239,45,162,0,0.0135,233047,False,False
202043,2020-10-23,189,AL,Arapiraca,2700300,city,11970,5136.30298,24,162,0,0.0135,233047,False,False
202043,2020-10-22,188,AL,Arapiraca,2700300,city,11946,5126.00463,9,162,1,0.0136,233047,False,False
202043,2020-10-21,187,AL,Arapiraca,2700300,city,11937,5122.14274,12,161,0,0.0135,233047,False,False
202043,2020-10-20,186,AL,Arapiraca,2700300,city,11925,5116.99357,21,161,0,0.0135,233047,False,False
202043,2020-10-19,185,AL,Arapiraca,2700300,city,11904,5107.98251,12,161,0,0.0135,233047,False,False
202043,2020-10-18,184,AL,Arapiraca,2700300,city,11892,5102.83333,11,161,0,0.0135,233047,False,False
202042,2020-10-17,183,AL,Arapiraca,2700300,city,11881,5098.11326,13,161,0,0.0136,233047,False,False
202042,2020-10-16,182,AL,Arapiraca,2700300,city,11868,5092.53498,13,161,1,0.0136,233047,False,False
202042,2020-10-15,181,AL,Arapiraca,2700300,city,11855,5086.95671,19,160,1,0.0135,233047,False,False
202042,2020-10-14,180,AL,Arapiraca,2700300,city,11836,5078.80385,15,159,1,0.0134,233047,False,False
202042,2020-10-13,179,AL,Arapiraca,2700300,city,11821,5072.36738,5,158,2,0.0134,233047,False,False
202042,2020-10-12,178,AL,Arapiraca,2700300,city,11816,5070.22189,10,156,0,0.0132,233047,False,False
202042,2020-10-11,177,AL,Arapiraca,2700300,city,11806,5065.93091,10,156,1,0.0132,233047,False,False
202041,2020-10-10,176,AL,Arapiraca,2700300,city,11796,5061.63993,27,155,1,0.0131,233047,False,False
202041,2020-10-09,175,AL,Arapiraca,2700300,city,11769,5050.05428,9,154,1,0.0131,233047,False,False
202041,2020-10-08,174,AL,Arapiraca,2700300,city,11760,5046.1924,15,153,1,0.013,233047,False,False
202041,2020-10-07,173,AL,Arapiraca,2700300,city,11745,5039.75593,16,152,2,0.0129,233047,False,False
202041,2020-10-06,172,AL,Arapiraca,2700300,city,11729,5032.89036,21,150,1,0.0128,233047,False,False
202041,2020-10-05,171,AL,Arapiraca,2700300,city,11708,5023.8793,13,149,1,0.0127,233047,False,False
202041,2020-10-04,170,AL,Arapiraca,2700300,city,11695,5018.30103,22,148,2,0.0127,233047,False,False
202040,2020-10-03,169,AL,Arapiraca,2700300,city,11673,5008.86087,17,146,2,0.0125,233047,False,False
202040,2020-10-02,168,AL,Arapiraca,2700300,city,11656,5001.56621,14,144,2,0.0124,233047,False,False
202040,2020-10-01,167,AL,Arapiraca,2700300,city,11642,4995.55884,15,142,2,0.0122,233047,False,False
202040,2020-09-30,166,AL,Arapiraca,2700300,city,11627,4989.12237,31,140,-1,0.012,233047,False,False
202040,2020-09-29,165,AL,Arapiraca,2700300,city,11596,4975.82033,9,141,0,0.0122,233047,False,False
202040,2020-09-28,164,AL,Arapiraca,2700300,city,11587,4971.95845,20,141,0,0.0122,233047,False,False
202040,2020-09-27,163,AL,Arapiraca,2700300,city,11567,4963.37649,19,141,0,0.0122,233047,False,False
202039,2020-09-26,162,AL,Arapiraca,2700300,city,11548,4955.22362,30,141,1,0.0122,233047,False,False
202039,2020-09-25,161,AL,Arapiraca,2700300,city,11518,4942.35068,42,140,0,0.0122,233047,False,False
202039,2020-09-24,160,AL,Arapiraca,2700300,city,11476,4924.32857,12,140,0,0.0122,233047,False,False
202039,2020-09-23,159,AL,Arapiraca,2700300,city,11464,4919.17939,157,140,0,0.0122,233047,False,False
202039,2020-09-22,158,AL,Arapiraca,2700300,city,11307,4851.81101,16,140,0,0.0124,233047,False,False
202039,2020-09-21,157,AL,Arapiraca,2700300,city,11291,4844.94544,54,140,1,0.0124,233047,False,False
202039,2020-09-20,156,AL,Arapiraca,2700300,city,11237,4821.77415,34,139,1,0.0124,233047,False,False
202038,2020-09-19,155,AL,Arapiraca,2700300,city,11203,4807.18482,27,138,1,0.0123,233047,False,False
202038,2020-09-18,154,AL,Arapiraca,2700300,city,11176,4795.59917,54,137,1,0.0123,233047,False,False
202038,2020-09-17,153,AL,Arapiraca,2700300,city,11122,4772.42788,12,136,0,0.0122,233047,False,False
202038,2020-09-16,152,AL,Arapiraca,2700300,city,11110,4767.2787,23,136,0,0.0122,233047,False,False
202038,2020-09-15,151,AL,Arapiraca,2700300,city,11087,4757.40945,37,136,1,0.0123,233047,False,False
202038,2020-09-14,150,AL,Arapiraca,2700300,city,11050,4741.53282,17,135,1,0.0122,233047,False,False
202038,2020-09-13,149,AL,Arapiraca,2700300,city,11033,4734.23816,8,134,0,0.0121,233047,False,False
202037,2020-09-12,148,AL,Arapiraca,2700300,city,11025,4730.80537,57,134,0,0.0122,233047,False,False
202037,2020-09-11,147,AL,Arapiraca,2700300,city,10968,4706.34679,25,134,1,0.0122,233047,False,False
202037,2020-09-10,146,AL,Arapiraca,2700300,city,10943,4695.61934,21,133,2,0.0122,233047,False,False
202037,2020-09-09,145,AL,Arapiraca,2700300,city,10922,4686.60828,41,131,0,0.012,233047,False,False
202037,2020-09-08,144,AL,Arapiraca,2700300,city,10881,4669.01526,16,131,1,0.012,233047,False,False
202037,2020-09-07,143,AL,Arapiraca,2700300,city,10865,4662.1497,19,130,1,0.012,233047,False,False
202037,2020-09-06,142,AL,Arapiraca,2700300,city,10846,4653.99683,128,129,0,0.0119,233047,False,False
202036,2020-09-05,141,AL,Arapiraca,2700300,city,10718,4599.07229,45,129,0,0.012,233047,False,False
202036,2020-09-04,140,AL,Arapiraca,2700300,city,10673,4579.76288,23,129,0,0.0121,233047,False,False
202036,2020-09-03,139,AL,Arapiraca,2700300,city,10650,4569.89363,20,129,2,0.0121,233047,False,False
202036,2020-09-02,138,AL,Arapiraca,2700300,city,10630,4561.31167,28,127,2,0.0119,233047,False,False
202036,2020-09-01,137,AL,Arapiraca,2700300,city,10602,4549.29692,88,125,1,0.0118,233047,False,False
202036,2020-08-31,136,AL,Arapiraca,2700300,city,10514,4511.5363,26,124,0,0.0118,233047,False,False
202036,2020-08-30,135,AL,Arapiraca,2700300,city,10488,4500.37975,16,124,0,0.0118,233047,False,False
202035,2020-08-29,134,AL,Arapiraca,2700300,city,10472,4493.51418,54,124,0,0.0118,233047,False,False
202035,2020-08-28,133,AL,Arapiraca,2700300,city,10418,4470.34289,44,124,0,0.0119,233047,False,False
202035,2020-08-27,132,AL,Arapiraca,2700300,city,10374,4451.46258,106,124,0,0.012,233047,False,False
202035,2020-08-26,131,AL,Arapiraca,2700300,city,10268,4405.97819,53,124,0,0.0121,233047,False,False
202035,2020-08-25,130,AL,Arapiraca,2700300,city,10215,4383.236,33,124,0,0.0121,233047,False,False
202035,2020-08-24,129,AL,Arapiraca,2700300,city,10182,4369.07577,37,124,0,0.0122,233047,False,False
202035,2020-08-23,128,AL,Arapiraca,2700300,city,10145,4353.19914,90,124,0,0.0122,233047,False,False
202034,2020-08-22,127,AL,Arapiraca,2700300,city,10055,4314.58032,48,124,0,0.0123,233047,False,False
202034,2020-08-21,126,AL,Arapiraca,2700300,city,10007,4293.98362,7,124,0,0.0124,233047,False,False
202034,2020-08-20,125,AL,Arapiraca,2700300,city,10000,4290.97993,19,124,0,0.0124,233047,False,False
202034,2020-08-19,124,AL,Arapiraca,2700300,city,9981,4282.82707,35,124,0,0.0124,233047,False,False
202034,2020-08-18,123,AL,Arapiraca,2700300,city,9946,4267.80864,51,124,1,0.0125,233047,False,False
202034,2020-08-17,122,AL,Arapiraca,2700300,city,9895,4245.92464,13,123,1,0.0124,233047,False,False
202034,2020-08-16,121,AL,Arapiraca,2700300,city,9882,4240.34637,225,122,0,0.0123,233047,False,False
202033,2020-08-15,120,AL,Arapiraca,2700300,city,9657,4143.79932,82,122,1,0.0126,233047,False,False
202033,2020-08-14,119,AL,Arapiraca,2700300,city,9575,4108.61328,89,121,1,0.0126,233047,False,False
202033,2020-08-13,118,AL,Arapiraca,2700300,city,9486,4070.42356,173,120,0,0.0127,233047,False,False
202033,2020-08-12,117,AL,Arapiraca,2700300,city,9313,3996.18961,275,120,0,0.0129,233047,False,False
202033,2020-08-11,116,AL,Arapiraca,2700300,city,9038,3878.18766,118,120,1,0.0133,233047,False,False
202033,2020-08-10,115,AL,Arapiraca,2700300,city,8920,3827.5541,410,119,2,0.0133,233047,False,False
202033,2020-08-09,114,AL,Arapiraca,2700300,city,8510,3651.62392,614,117,1,0.0137,233047,False,False
202032,2020-08-08,113,AL,Arapiraca,2700300,city,7896,3388.15775,416,116,2,0.0147,233047,False,False
202032,2020-08-07,112,AL,Arapiraca,2700300,city,7480,3209.65299,341,114,2,0.0152,233047,False,False
202032,2020-08-06,111,AL,Arapiraca,2700300,city,7139,3063.33057,519,112,1,0.0157,233047,False,False
202032,2020-08-05,110,AL,Arapiraca,2700300,city,6620,2840.62871,234,111,2,0.0168,233047,False,False
202032,2020-08-04,109,AL,Arapiraca,2700300,city,6386,2740.21978,74,109,1,0.0171,233047,False,False
202032,2020-08-03,108,AL,Arapiraca,2700300,city,6312,2708.46653,81,108,3,0.0171,233047,False,False
202032,2020-08-02,107,AL,Arapiraca,2700300,city,6231,2673.7096,675,105,3,0.0169,233047,False,False
202031,2020-08-01,106,AL,Arapiraca,2700300,city,5556,2384.06845,357,102,0,0.0184,233047,False,False
202031,2020-07-31,105,AL,Arapiraca,2700300,city,5199,2230.88047,149,102,2,0.0196,233047,False,False
202031,2020-07-30,104,AL,Arapiraca,2700300,city,5050,2166.94487,179,100,0,0.0198,233047,False,False
202031,2020-07-29,103,AL,Arapiraca,2700300,city,4871,2090.13632,203,100,3,0.0205,233047,False,False
202031,2020-07-28,102,AL,Arapiraca,2700300,city,4668,2003.02943,46,97,2,0.0208,233047,False,False
202031,2020-07-27,101,AL,Arapiraca,2700300,city,4622,1983.29092,1,95,3,0.0206,233047,False,False
202031,2020-07-26,100,AL,Arapiraca,2700300,city,4621,1982.86183,72,92,3,0.0199,233047,False,False
202030,2020-07-25,99,AL,Arapiraca,2700300,city,4549,1951.96677,55,89,2,0.0196,233047,False,False
202030,2020-07-24,98,AL,Arapiraca,2700300,city,4494,1928.36638,144,87,3,0.0194,233047,False,False
202030,2020-07-23,97,AL,Arapiraca,2700300,city,4350,1866.57627,2,84,2,0.0193,233047,False,False
202030,2020-07-22,96,AL,Arapiraca,2700300,city,4348,1865.71807,29,82,3,0.0189,233047,False,False
202030,2020-07-21,95,AL,Arapiraca,2700300,city,4319,1853.27423,40,79,2,0.0183,233047,False,False
202030,2020-07-20,94,AL,Arapiraca,2700300,city,4279,1836.11031,2,77,2,0.018,233047,False,False
202030,2020-07-19,93,AL,Arapiraca,2700300,city,4277,1835.25212,37,75,3,0.0175,233047,False,False
202029,2020-07-18,92,AL,Arapiraca,2700300,city,4240,1819.37549,17,72,1,0.017,233047,False,False
202029,2020-07-17,91,AL,Arapiraca,2700300,city,4223,1812.08082,54,71,2,0.0168,233047,False,False
202029,2020-07-16,90,AL,Arapiraca,2700300,city,4169,1788.90953,11,69,2,0.0166,233047,False,False
202029,2020-07-15,89,AL,Arapiraca,2700300,city,4158,1784.18946,49,67,2,0.0161,233047,False,False
202029,2020-07-14,88,AL,Arapiraca,2700300,city,4109,1763.16365,28,65,2,0.0158,233047,False,False
202029,2020-07-13,87,AL,Arapiraca,2700300,city,4081,1751.14891,71,63,3,0.0154,233047,False,False
202029,2020-07-12,86,AL,Arapiraca,2700300,city,4010,1720.68295,8,60,0,0.015,233047,False,False
202028,2020-07-11,85,AL,Arapiraca,2700300,city,4002,1717.25017,32,60,2,0.015,233047,False,False
202028,2020-07-10,84,AL,Arapiraca,2700300,city,3970,1703.51903,156,58,3,0.0146,233047,False,False
202028,2020-07-09,83,AL,Arapiraca,2700300,city,3814,1636.57975,164,55,1,0.0144,233047,False,False
202028,2020-07-08,82,AL,Arapiraca,2700300,city,3650,1566.20767,56,54,1,0.0148,233047,False,False
202028,2020-07-07,81,AL,Arapiraca,2700300,city,3594,1542.17819,102,53,2,0.0147,233047,False,False
202028,2020-07-06,80,AL,Arapiraca,2700300,city,3492,1498.41019,156,51,3,0.0146,233047,False,False
202028,2020-07-05,79,AL,Arapiraca,2700300,city,3336,1431.47091,126,48,2,0.0144,233047,False,False
202027,2020-07-04,78,AL,Arapiraca,2700300,city,3210,1377.40456,11,46,4,0.0143,233047,False,False
202027,2020-07-03,77,AL,Arapiraca,2700300,city,3199,1372.68448,6,42,5,0.0131,233047,False,False
202027,2020-07-02,76,AL,Arapiraca,2700300,city,3193,1370.10989,53,37,0,0.0116,233047,False,False
202027,2020-07-01,75,AL,Arapiraca,2700300,city,3140,1347.3677,136,37,1,0.0118,233047,False,False
202027,2020-06-30,74,AL,Arapiraca,2700300,city,3004,1289.01037,257,36,2,0.012,233047,False,False
202027,2020-06-29,73,AL,Arapiraca,2700300,city,2747,1178.73219,202,34,2,0.0124,233047,False,False
202027,2020-06-28,72,AL,Arapiraca,2700300,city,2545,1092.05439,108,32,1,0.0126,233047,False,False
202026,2020-06-27,71,AL,Arapiraca,2700300,city,2437,1045.71181,114,31,0,0.0127,233047,False,False
202026,2020-06-26,70,AL,Arapiraca,2700300,city,2323,996.79464,3,31,1,0.0133,233047,False,False
202026,2020-06-25,69,AL,Arapiraca,2700300,city,2320,995.50734,41,30,2,0.0129,233047,False,False
202026,2020-06-24,68,AL,Arapiraca,2700300,city,2279,977.91433,103,28,0,0.0123,233047,False,False
202026,2020-06-23,67,AL,Arapiraca,2700300,city,2176,933.71723,70,28,1,0.0129,233047,False,False
202026,2020-06-22,66,AL,Arapiraca,2700300,city,2106,903.68037,141,27,0,0.0128,233047,False,False
202026,2020-06-21,65,AL,Arapiraca,2700300,city,1965,843.17756,69,27,0,0.0137,233047,False,False
202025,2020-06-20,64,AL,Arapiraca,2700300,city,1896,813.56979,78,27,1,0.0142,233047,False,False
202025,2020-06-19,63,AL,Arapiraca,2700300,city,1818,780.10015,47,26,0,0.0143,233047,False,False
202025,2020-06-18,62,AL,Arapiraca,2700300,city,1771,759.93255,85,26,0,0.0147,233047,False,False
202025,2020-06-17,61,AL,Arapiraca,2700300,city,1686,723.45922,186,26,1,0.0154,233047,False,False
202025,2020-06-16,60,AL,Arapiraca,2700300,city,1500,643.64699,60,25,0,0.0167,233047,False,False
202025,2020-06-15,59,AL,Arapiraca,2700300,city,1440,617.90111,69,25,0,0.0174,233047,False,False
202025,2020-06-14,58,AL,Arapiraca,2700300,city,1371,588.29335,328,25,0,0.0182,233047,False,False
202024,2020-06-13,57,AL,Arapiraca,2700300,city,1043,447.54921,36,25,2,0.024,233047,False,False
202024,2020-06-12,56,AL,Arapiraca,2700300,city,1007,432.10168,15,23,1,0.0228,233047,False,False
202024,2020-06-11,55,AL,Arapiraca,2700300,city,992,425.66521,27,22,0,0.0222,233047,False,False
202024,2020-06-10,54,AL,Arapiraca,2700300,city,965,414.07956,8,22,0,0.0228,233047,False,False
202024,2020-06-09,53,AL,Arapiraca,2700300,city,957,410.64678,110,22,0,0.023,233047,False,False
202024,2020-06-08,52,AL,Arapiraca,2700300,city,847,363.446,165,22,0,0.026,233047,False,False
202024,2020-06-07,51,AL,Arapiraca,2700300,city,682,292.64483,72,22,0,0.0323,233047,False,False
202023,2020-06-06,50,AL,Arapiraca,2700300,city,610,261.74978,94,22,2,0.0361,233047,False,False
202023,2020-06-05,49,AL,Arapiraca,2700300,city,516,221.41456,16,20,2,0.0388,233047,False,False
202023,2020-06-04,48,AL,Arapiraca,2700300,city,500,214.549,6,18,0,0.036,233047,False,False
202023,2020-06-03,47,AL,Arapiraca,2700300,city,494,211.97441,3,18,2,0.0364,233047,False,False
202023,2020-06-02,46,AL,Arapiraca,2700300,city,491,210.68711,73,16,4,0.0326,233047,False,False
202023,2020-06-01,45,AL,Arapiraca,2700300,city,418,179.36296,42,12,0,0.0287,233047,False,False
202023,2020-05-31,44,AL,Arapiraca,2700300,city,376,161.34085,52,12,0,0.0319,233047,False,False
202022,2020-05-30,43,AL,Arapiraca,2700300,city,324,139.02775,1,12,1,0.037,233047,False,False
202022,2020-05-29,42,AL,Arapiraca,2700300,city,323,138.59865,1,11,0,0.0341,233047,False,False
202022,2020-05-28,41,AL,Arapiraca,2700300,city,322,138.16955,43,11,1,0.0342,233047,False,False
202022,2020-05-27,40,AL,Arapiraca,2700300,city,279,119.71834,0,10,1,0.0358,233047,False,False
202022,2020-05-26,39,AL,Arapiraca,2700300,city,279,119.71834,7,9,1,0.0323,233047,False,False
202022,2020-05-25,38,AL,Arapiraca,2700300,city,272,116.71465,33,8,1,0.0294,233047,False,False
202022,2020-05-24,37,AL,Arapiraca,2700300,city,239,102.55442,89,7,0,0.0293,233047,False,False
202021,2020-05-23,36,AL,Arapiraca,2700300,city,150,64.3647,5,7,0,0.0467,233047,False,False
202021,2020-05-22,35,AL,Arapiraca,2700300,city,145,62.21921,4,7,0,0.0483,233047,False,False
202021,2020-05-21,34,AL,Arapiraca,2700300,city,141,60.50282,0,7,0,0.0496,233047,False,False
202021,2020-05-20,33,AL,Arapiraca,2700300,city,141,60.50282,1,7,1,0.0496,233047,False,False
202021,2020-05-19,32,AL,Arapiraca,2700300,city,140,60.07372,8,6,0,0.0429,233047,False,False
202021,2020-05-18,31,AL,Arapiraca,2700300,city,132,56.64094,2,6,0,0.0455,233047,False,False
202021,2020-05-17,30,AL,Arapiraca,2700300,city,130,55.78274,62,6,0,0.0462,233047,False,False
202020,2020-05-16,29,AL,Arapiraca,2700300,city,68,29.17866,16,6,0,0.0882,233047,False,False
202020,2020-05-15,28,AL,Arapiraca,2700300,city,52,22.3131,0,6,0,0.1154,233047,False,False
202020,2020-05-14,27,AL,Arapiraca,2700300,city,52,22.3131,2,6,1,0.1154,233047,False,False
202020,2020-05-13,26,AL,Arapiraca,2700300,city,50,21.4549,11,5,0,0.1,233047,False,False
202020,2020-05-12,25,AL,Arapiraca,2700300,city,39,16.73482,0,5,0,0.1282,233047,False,False
202020,2020-05-11,24,AL,Arapiraca,2700300,city,39,16.73482,0,5,0,0.1282,233047,False,False
202020,2020-05-10,23,AL,Arapiraca,2700300,city,39,16.73482,-1,5,0,0.1282,233047,False,False
202019,2020-05-09,22,AL,Arapiraca,2700300,city,40,17.16392,0,5,0,0.125,233047,False,False
202019,2020-05-08,21,AL,Arapiraca,2700300,city,40,17.16392,1,5,0,0.125,233047,False,False
202019,2020-05-07,20,AL,Arapiraca,2700300,city,39,16.73482,2,5,2,0.1282,233047,False,False
202019,2020-05-06,19,AL,Arapiraca,2700300,city,37,15.87663,11,3,1,0.0811,233047,False,False
202019,2020-05-05,18,AL,Arapiraca,2700300,city,26,11.15655,0,2,0,0.0769,233047,False,False
202019,2020-05-04,17,AL,Arapiraca,2700300,city,26,11.15655,2,2,1,0.0769,233047,False,False
202019,2020-05-03,16,AL,Arapiraca,2700300,city,24,10.29835,1,1,1,0.0417,233047,False,False
202018,2020-05-02,15,AL,Arapiraca,2700300,city,23,9.86925,2,0,0,0.0,233047,False,False
202018,2020-05-01,14,AL,Arapiraca,2700300,city,21,9.01106,3,0,0,0.0,233047,False,False
202018,2020-04-30,13,AL,Arapiraca,2700300,city,18,7.72376,5,0,0,0.0,233047,False,False
202018,2020-04-29,12,AL,Arapiraca,2700300,city,13,5.57827,2,0,0,0.0,233047,False,False
202018,2020-04-28,11,AL,Arapiraca,2700300,city,11,4.72008,0,0,0,0.0,233047,False,False
202018,2020-04-27,10,AL,Arapiraca,2700300,city,11,4.72008,7,0,0,0.0,233047,False,False
202018,2020-04-26,9,AL,Arapiraca,2700300,city,4,1.71639,0,0,0,0.0,233047,False,False
202017,2020-04-25,8,AL,Arapiraca,2700300,city,4,1.71639,0,0,0,0.0,233047,False,False
202017,2020-04-24,7,AL,Arapiraca,2700300,city,4,1.71639,1,0,0,0.0,233047,False,False
202017,2020-04-23,6,AL,Arapiraca,2700300,city,3,1.28729,0,0,0,0.0,233047,False,False
202017,2020-04-22,5,AL,Arapiraca,2700300,city,3,1.28729,2,0,0,0.0,233047,False,False
202017,2020-04-21,4,AL,Arapiraca,2700300,city,1,0.4291,0,0,0,0.0,233047,False,False
202017,2020-04-20,3,AL,Arapiraca,2700300,city,1,0.4291,0,0,0,0.0,233047,False,False
202017,2020-04-19,2,AL,Arapiraca,2700300,city,1,0.4291,0,0,0,0.0,233047,False,False
202016,2020-04-18,1,AL,Arapiraca,2700300,city,1,0.4291,1,0,0,0.0,233047,False,False
